driver_username,time,passenger_username
V87MR5,2022/9/25 5:27,N8QCoo
FzNeI8,2022/3/5 4:5,KyZe8S
HGQddt,2022/9/15 6:41,AYXvVR
SWFcNm,2022/7/9 11:52,y4aujO
XFRdGC,2022/4/17 1:48,L1PMMs
zngIY4,2022/10/5 3:10,SlMR1g
BOkuU6,2022/7/23 11:29,patMfT
A9HezR,2022/9/27 7:8,J1HR00
KXZ4kH,2022/10/15 10:35,dSuhl9
h2vVzM,2022/5/3 0:36,5dYC0x
omtLoe,2022/8/3 11:35,Z7lrLX
c8sVbO,2022/2/13 6:46,Gtg1G5
IiBIbO,2022/1/13 2:29,hmZHls
e2P9Tt,2022/4/1 8:46,H3AYt4
m5CYkf,2022/1/18 9:10,7v9MVY
JqZYFs,2022/9/24 12:15,Hnj6wh
NzVmC0,2022/2/3 5:22,sbpuLH
iy5LwC,2022/5/22 3:29,TlMyA8
FZah06,2022/6/9 4:11,ky1q46
6pSAit,2022/6/4 5:51,wBOrta
cEYMMu,2022/4/2 11:2,X3XIud
zudT5m,2022/3/10 12:15,Vkz1ZJ
210Zae,2022/2/26 5:24,DXs3FH
xbJASL,2022/8/12 0:44,sIuBmh
Fmzdca,2022/2/22 1:29,hasnKv
ZMQlK8,2022/4/17 12:56,SBsOWS
cWmKVB,2022/7/19 11:28,tL0tdZ
iwdyo8,2022/2/4 10:57,JsYrmh
FhOxMH,2022/6/1 1:48,O35G8k
kbvNHj,2022/8/15 6:53,pWQ0kT
5WRD4s,2022/2/17 7:20,usaDiY
VRr26E,2022/9/8 11:60,byAaJ4
2mFHbf,2022/9/27 5:50,Q9pV23
rQ80X5,2022/3/6 6:1,I0yKYQ
Ml9JBs,2022/8/4 3:56,0MCIiA
MPPCP9,2022/4/20 8:56,B2kh8u
tf1udX,2022/3/21 0:17,9FJAQy
RNkJ5k,2022/1/17 9:22,hyuB09
BdAQf1,2022/7/4 1:17,4UdXsu
lE9W1T,2022/1/7 1:54,fjTJNW
tLP9qr,2022/5/19 3:58,VSP9YQ
zzXFX5,2022/8/22 1:54,TtA5Vw
o6wljJ,2022/4/10 5:42,uHj9mk
UCpZHi,2022/3/25 11:29,gyWCOO
r6tYbK,2022/4/26 12:7,goK0BY
AWoiBS,2022/7/19 9:41,az1wo7
HSh3UF,2022/3/27 12:17,ihZdrG
N5FElj,2022/8/16 10:57,989rmk
E9fzCy,2022/9/10 10:43,Kf7tnZ
nUDrRu,2022/7/11 8:58,ATEBcu
7aYMFA,2022/1/15 4:36,Gdrmff
RF4ddR,2022/7/22 1:59,47cmbE
lbrkLL,2022/3/14 6:11,LDGPDP
cnUKTb,2022/2/20 12:18,OzBjpg
pKUz5r,2022/9/9 5:2,brMcwV
OZAx53,2022/7/26 9:31,3gFoWO
rA0Fxg,2022/6/5 4:28,YXddwp
olgNNk,2022/4/2 12:34,IiD2ij
HCI1Pn,2022/10/12 10:25,SvQywn
ZwH6g4,2022/4/13 9:12,tgxLKy
pcKNOD,2022/3/18 3:46,TcLGs5
Qygy2L,2022/1/2 10:45,9gq20q
VW0xgs,2022/3/11 6:22,wvDWaH
5b7ts2,2022/7/8 9:52,cjInKA
jXKWXI,2022/4/27 12:8,FFtb50
vvd6ZV,2022/7/20 12:0,aMMpKT
VaWc7Z,2022/4/25 6:38,dB0I2B
ESJ7g2,2022/6/11 2:36,3Z4jCB
xmQZAF,2022/4/23 8:58,kWGqtl
75tSn1,2022/10/16 12:43,ppRKBm
33bXCH,2022/9/1 0:46,Lik0co
rZ6fcF,2022/6/27 1:43,dGlt2Z
WceipZ,2022/6/7 1:5,RTrHtv
sm0Rjv,2022/3/6 1:6,GfDs1j
2WuY9e,2022/2/3 8:8,ttdlAe
lDxejD,2022/4/12 4:59,CTAN7U
8rQCPH,2022/9/5 9:44,aD6QF5
6SJKDi,2022/1/28 11:30,a1eqZZ
lYQUkB,2022/8/10 12:38,3h6gDf
AlUpfp,2022/2/21 4:40,jdqBGs
XSZc3Z,2022/1/2 11:34,K2GGqi
S13bk7,2022/1/4 3:48,YDWXqq
IpWtVQ,2022/7/28 0:5,y0ZHRA
lrTMxk,2022/3/20 0:7,EDUDrc
NRdwd8,2022/6/14 10:9,ifPend
sSMlo7,2022/5/11 5:53,nZ6OFN
rdYu2L,2022/3/10 10:42,zTK5RV
pJySL4,2022/3/26 5:51,Dg1PsM
oRQEDx,2022/6/8 3:1,FcLq7D
WLezPm,2022/2/6 2:38,YHLniL
5gY4sR,2022/9/6 7:47,S4Z2tR
vhBZC1,2022/10/8 1:57,ukvMR8
10zIgn,2022/9/24 2:32,zJv89K
v4FiHM,2022/9/17 3:58,lSwCZL
soOYOd,2022/2/19 0:1,S6b3z8
c1OwyW,2022/9/22 0:20,CMu8mX
wubghn,2022/5/11 3:15,5LwjfI
2POYMM,2022/5/21 1:55,b2LM0x
8No1DU,2022/9/18 2:40,SaHABQ
gXYMME,2022/8/9 6:24,ZPfOkw
DWSh6K,2022/9/22 1:30,z0uxKE
nFCdVw,2022/6/15 7:54,O1gXCy
MOXcp2,2022/3/16 1:42,YBxnlg
7TbBaA,2022/3/19 2:47,9FFolZ
ylx3Pb,2022/8/20 1:43,0CKejW
7khWdK,2022/2/5 0:57,2rl9uo
UUSEvH,2022/7/11 0:7,YosG89
Kf22oz,2022/9/10 1:48,R4YSl9
7ErgP3,2022/8/1 3:30,cvo8Pe
nB6RtV,2022/9/20 1:7,rLPV6I
Wtzkfv,2022/5/11 8:53,4tRKeV
O0uMHU,2022/7/14 9:0,NYRIP6
j3iU05,2022/8/16 7:58,x3HGXq
I6685L,2022/9/1 7:56,AhaKBy
uaUotc,2022/7/13 11:57,s3cGSi
NDl7rB,2022/1/28 0:31,ZCskMO
Rk9Gny,2022/5/18 2:47,rGZDFN
Eu6W6W,2022/8/9 9:41,sTfrLV
USKBJw,2022/6/14 9:59,WkyiUY
YYxozE,2022/1/5 10:39,rtsdcl
akGS8E,2022/7/2 6:24,3GFttN
tmLhDQ,2022/8/12 8:47,ONq2YQ
5BTI4L,2022/6/5 12:18,Q7cMcr
OYd8Ta,2022/10/10 5:55,TAsGus
RM4ziT,2022/7/2 6:7,u0sT2d
Nnu4qC,2022/10/21 10:56,gOoyJ9
rvv2nU,2022/4/2 5:19,H9kSc7
KxP4FH,2022/10/18 5:36,odMiRW
cQdmZb,2022/8/23 7:48,6eQAKb
lbQqBw,2022/8/7 1:40,2wWX83
K3D2Ta,2022/2/5 11:0,e5VNWJ
gBVRaI,2022/5/24 8:48,lcxdFd
ZWvJyf,2022/4/25 3:35,HAhubQ
KWHwXS,2022/4/10 7:18,fMiVXX
zkNSTO,2022/7/4 9:53,MgEN5X
vBu9st,2022/7/20 1:29,nuArxh
RSezYD,2022/5/24 11:55,maHC6z
vLzVND,2022/3/3 8:15,idZw2J
qbnufo,2022/3/24 12:39,4IVG2w
oXguCs,2022/3/6 6:11,UIh7B0
MNsHfZ,2022/8/24 9:44,FYga0V
YZoB1f,2022/6/9 3:25,daN9IA
BU8DBL,2022/8/16 2:0,IcPtx4
ceXKm1,2022/8/19 4:20,7Zo4Tx
kAfFUU,2022/8/17 6:27,Ch2OWo
NgQvnK,2022/8/8 9:19,9oZR7i
Voqa6x,2022/7/6 9:18,SHnETb
YpkHtL,2022/3/14 8:58,649U7Z
plWUSi,2022/9/21 8:20,gkVnAl
VCl0ge,2022/8/8 11:54,MKFtYS
4TETyV,2022/5/4 4:28,dODi9d
PPrysX,2022/8/2 12:50,l1fqbp
fBhjv6,2022/1/3 4:58,R2GM8Y
RdRUZt,2022/4/21 7:54,xsjdrw
82Orak,2022/4/2 12:3,SWoyFw
ieHLgn,2022/3/5 6:7,djtUlE
tF1O2d,2022/4/21 2:24,XX4ftF
d128zQ,2022/3/15 12:60,3zJqVH
AwQojD,2022/6/16 5:18,e9Mq5q
Mj3VU5,2022/8/17 12:55,t9hRPn
GhzHPO,2022/8/17 8:1,zwwtN1
PTf40p,2022/3/20 4:47,57RByk
FClx0i,2022/3/3 11:34,eS8dj2
09C8ro,2022/4/27 3:57,mlAgTF
T34E86,2022/7/25 0:60,jxoCkl
uXu5IU,2022/10/23 11:59,hGIQq6
oWlotg,2022/10/15 6:17,TJmRvY
vG5ljg,2022/9/9 1:42,zdLmLn
cYsUeU,2022/9/2 2:53,rPaoon
2I0KxV,2022/10/14 3:13,mTcrKZ
TLUiJc,2022/3/15 7:41,N2Wpdr
5J4QJe,2022/9/12 12:60,cNmCKa
7MQgNl,2022/3/1 11:35,PV0mq0
ssUXmj,2022/5/13 2:20,37mAVV
NZ2ZCA,2022/3/16 3:24,L2beoW
ediPUh,2022/5/16 9:36,em9ND2
LM6dpZ,2022/8/4 3:52,CK9dK7
mLPNXS,2022/7/14 6:52,BpE9ZT
DW5OcE,2022/10/2 7:50,wAmlxM
B5iuUu,2022/10/16 8:19,xMhAel
kfH4wq,2022/8/21 9:2,P7jPii
6r1tVA,2022/9/26 6:9,aCR8kg
oPD4va,2022/5/6 0:9,1Zxo9p
U9BkVq,2022/10/12 7:15,QLdIrn
EPAeOZ,2022/6/17 3:34,u2ywZ1
8a1L2J,2022/6/13 6:44,UBpYOM
SsZjRq,2022/3/20 5:38,YwHgiW
aUB4kM,2022/7/28 10:14,CyaFuX
BGKIZU,2022/3/25 9:15,ZJM2uS
s9Jazg,2022/4/21 10:31,HHQ5ep
pcccu4,2022/9/3 6:21,tonZoj
IcW3mC,2022/3/22 6:50,1dLkQN
BvsVJA,2022/5/4 1:19,iumGG3
pJpycI,2022/10/14 1:12,NpHaWQ
O0Agc3,2022/6/6 8:19,ocRXQG
A1323z,2022/4/20 9:56,6cRbw4
N7kGwH,2022/4/13 12:28,tmJ1OR
0IdHGo,2022/5/20 0:29,Lz39T9
mXzIvp,2022/8/22 10:29,pAAWsz
119UN3,2022/10/21 5:56,iSRWvL
3l9d3v,2022/9/28 0:35,SdMEox
IJ12HL,2022/2/24 3:17,5G8sXe
aiXi8U,2022/5/6 7:28,tWa0Ph
oGuW4F,2022/3/11 3:34,XpIRrP
D1FOAC,2022/4/3 2:26,Gjuc3d
03trNK,2022/2/13 0:28,nW08ju
HWPs97,2022/8/25 3:27,EHLFDN
wuPnsN,2022/8/10 10:9,B7ngnV
RT3pqH,2022/1/13 11:5,YrDt9F
Igr4aC,2022/9/4 3:57,DAw78E
p4IzCO,2022/9/22 1:47,DdMeFA
ctUNal,2022/6/16 5:21,nvxqvI
E6HwkJ,2022/7/14 10:6,WRm5Qt
zZI16r,2022/7/3 7:37,mj5YEM
JKMmiq,2022/3/18 7:37,a3Xu4i
cM6NCE,2022/10/9 4:23,7HIGCk
z7rBL9,2022/6/7 10:6,Ah2n32
2E2Rkt,2022/4/15 8:11,is55Wr
9W6iFB,2022/8/19 11:5,dIuCVZ
3x8ap1,2022/1/25 8:51,IoYADL
BzKnuN,2022/5/16 6:50,m20Oso
p13D7n,2022/3/13 2:32,9QPB4t
byNI82,2022/1/11 10:17,18qDzW
y1kdnM,2022/2/16 6:9,QegpRv
u4H5TO,2022/9/4 6:0,y4wt8Y
GYR09W,2022/8/17 11:38,L9dqAB
yOToms,2022/3/21 2:38,BU9R5G
06YTGQ,2022/7/28 4:41,cbOBLW
xuzFmx,2022/10/27 0:20,sEyCuj
QiM830,2022/6/22 10:14,o6lFZx
Gtio7i,2022/1/25 10:0,2QS004
Wly0Tt,2022/3/2 2:6,PK8pCf
jJP2mr,2022/10/16 10:19,W9iaNz
xby1Hi,2022/3/17 1:14,hxtaA3
ZAwdja,2022/6/20 6:57,jJP3CD
K0Vci2,2022/10/14 11:10,Z64LZp
KL807f,2022/1/1 9:55,yllTvA
b6aFfc,2022/9/2 10:2,YDCTpv
iY6fLc,2022/9/3 2:40,AOtwhm
CPm9P6,2022/4/26 12:12,EbQYRq
v2BYqd,2022/10/8 4:37,pWI4PF
YHkWsa,2022/8/27 4:54,kKk3ll
s6dSZK,2022/5/6 8:55,NOCsC6
HUeU5L,2022/10/14 10:48,0Pee3y
epp2ZT,2022/3/15 9:13,UnZRH7
QK6BEE,2022/8/19 5:48,YZT4oZ
eDQ7qY,2022/2/2 4:33,2dy7te
1LqfwO,2022/5/28 4:17,LGmIiT
8tzb14,2022/6/1 0:50,kVZUiC
cb7z3B,2022/6/2 3:26,MKdTjm
yfrRGh,2022/1/14 9:56,qSDmfM
eq1ZyV,2022/9/25 2:51,RSjmzi
4KnFct,2022/6/11 9:19,H3gATw
f82a4q,2022/2/28 10:56,MMEGrw
eySBjm,2022/7/8 6:58,hD1Rsd
GoJOJK,2022/2/15 1:28,6j3MQa
rkEIBG,2022/5/10 3:29,bila0P
Wj4dgr,2022/3/23 7:15,t7f1Mp
RW9NU4,2022/5/6 1:29,fM1qHX
JXlAxS,2022/5/16 8:3,hklQFb
OcGPSK,2022/3/3 12:7,UAkGqQ
MqAcY1,2022/2/8 4:9,o5mGjv
pW7vDV,2022/6/6 11:28,KvVyWt
vARluN,2022/3/28 10:11,Qp1Lvf
n2UOFv,2022/6/20 2:38,mPbgpq
jqxw4j,2022/3/4 11:59,zKdJF0
9HQuR0,2022/2/7 12:23,pnQPNQ
qy7Hi7,2022/10/18 7:12,CZnGgV
7XTQPw,2022/3/13 6:20,CsN1AZ
Anr3mZ,2022/7/26 7:45,kJOFdb
z7kP3r,2022/4/26 1:9,yIQ6QY
E2cYv6,2022/6/2 8:19,SAqfJt
EAtb45,2022/7/24 5:52,cAbkJV
PfTXRr,2022/1/15 6:37,2gsGd6
bSbAwQ,2022/9/3 10:16,c7JDj6
1Gf05T,2022/3/21 10:2,lkJzaF
Pb4QDq,2022/4/6 7:18,AGJOyf
fjlXLO,2022/5/20 2:19,phidYA
DitwoG,2022/8/27 10:40,7A92M6
Fcq3xl,2022/9/10 9:43,ssoTdT
QDGLgp,2022/7/15 9:42,PObu3j
bOFZLc,2022/6/2 7:53,knjWjD
B9bn1r,2022/3/28 7:14,MnsNb6
FEGM6N,2022/4/21 8:60,Y9jJFi
hFcYuc,2022/1/17 11:51,6sXMGs
nWoT99,2022/10/9 2:35,bqm08j
jUC667,2022/8/3 9:8,D4o83u
JoXQuo,2022/5/6 2:24,ala6qj
ock8xs,2022/2/16 4:20,OfRs5d
eEG3nb,2022/1/26 11:54,tGI2yK
NCdmvz,2022/6/10 0:49,MXh153
yr9cDh,2022/9/13 2:57,aWoJJg
oJIJDS,2022/7/1 5:8,RaGyse
zRUxuS,2022/2/13 11:36,I9Cx8k
1oj5z5,2022/1/9 9:11,bsvJG2
2qqlt3,2022/9/11 4:1,aLGdvg
dg2icD,2022/2/13 6:16,NjpggU
pMYDUn,2022/8/20 3:10,4FWuae
kUAyDW,2022/1/25 1:11,X4Xouy
HZSLvH,2022/8/16 5:2,IYY6ZM
Q22EjW,2022/5/24 11:46,HRPws8
1DaOph,2022/3/21 2:41,ZyojlJ
ZRyRHh,2022/4/14 11:31,ylds33
3yU5Ve,2022/1/27 6:26,OqSQvL
4DnUeT,2022/10/10 2:34,evaSVX
lSvvSk,2022/5/5 10:0,HQJdYP
KlmBLR,2022/3/4 5:28,EHWXVm
NVpdZv,2022/5/9 8:46,0ySO0I
hzRuR6,2022/5/14 8:8,VZffst
wUgXJf,2022/6/13 10:37,41fER6
thiHnX,2022/6/11 9:13,hHcRcV
wn9OGg,2022/1/28 9:10,AVMNov
51mDsA,2022/8/6 8:55,g0VpZ7
zbo2wo,2022/2/23 12:26,2Q5S76
B0Ay97,2022/5/24 6:22,2lhZih
DwbGSo,2022/8/3 5:27,t90a0N
sFsRrv,2022/1/12 8:31,JjV7Oe
vTtvza,2022/9/20 9:27,6Hvt91
Ttmgis,2022/8/13 7:18,YObiLA
01u4Fw,2022/9/22 12:52,APKgZ0
X7oCKT,2022/3/2 8:11,xkwpdo
Eyj8Vm,2022/6/1 12:3,5GAHf0
Sht3Gd,2022/6/22 9:23,l5CaVz
5QBkfQ,2022/7/20 11:51,KImqBT
UhOtPb,2022/7/15 7:27,FLyzZl
4xA54u,2022/6/27 10:12,DnJfJn
GtIZqB,2022/2/20 11:22,sQnHx2
1VXANA,2022/3/19 2:57,1Qsl7P
87uR9z,2022/5/1 8:0,8j3UVQ
vwbYrm,2022/7/27 11:54,NHjcjS
FViHEh,2022/3/9 0:9,zFrZE2
mWn9xX,2022/9/15 10:55,qGwYsE
Ufj9tK,2022/7/22 10:9,MDUuyu
2UUNvS,2022/1/23 9:22,keNj1z
qmyKKH,2022/5/22 10:27,rsS3RB
SrBgUV,2022/4/17 9:27,EPrURs
ctQ0Y1,2022/7/16 11:14,LcM041
X8JX7d,2022/7/9 11:35,dj1yHR
PvDRgX,2022/6/23 2:50,5dSy2E
S1jPab,2022/5/6 5:49,EQO1rV
sbMfrF,2022/3/11 11:54,jxyuTd
WxKOg9,2022/4/24 3:52,X1wmiW
3B5czx,2022/7/6 12:35,itkWFS
IToU4Y,2022/4/7 7:52,83lA7x
DALnNc,2022/2/17 10:15,sQXmPB
vNSzI6,2022/6/11 1:10,eTu0QH
o2QEAJ,2022/3/12 9:32,CtPXbP
TBOEYe,2022/7/18 7:25,fT56QI
bzCwHG,2022/3/4 2:31,erK53y
wXhxbr,2022/10/19 7:40,ujzABD
4skrcT,2022/9/2 9:39,GumvIP
rE39y6,2022/7/8 7:1,lrdcUW
gESfB3,2022/2/27 3:43,CkbVfo
K9mqMY,2022/7/6 12:24,2wAOIh
a9FLCu,2022/4/26 11:25,0iZ6Gr
Z1bjJS,2022/3/11 9:10,RBsMRq
jmi4WT,2022/4/23 8:42,nuLpVi
lcBFPC,2022/10/22 6:9,pBXy3T
xRWonb,2022/5/7 3:1,WYELHP
EOfMRc,2022/3/18 8:31,D1lE4j
NfCIj6,2022/1/1 12:23,zolvLS
f75A5Z,2022/9/21 10:15,n0Svru
UPmSEt,2022/2/4 3:27,cNabjG
WUuDYu,2022/8/8 2:2,KCpFkr
YvN9e5,2022/4/9 9:10,mG4dIa
xXUFq1,2022/8/18 11:19,Ejzlzr
Rc2EkS,2022/10/18 12:54,730FKC
HxV7TX,2022/2/13 6:30,BlrTs4
ywJvz6,2022/4/8 11:9,ylRf42
sKGRuy,2022/7/15 11:1,4uE3IE
tfc9Mi,2022/10/1 9:25,YKr2qI
EOivBm,2022/7/20 8:60,41Xteq
1Stc6k,2022/7/16 2:26,PE1mE8
YbbzLs,2022/6/1 12:55,ATX9oh
wBhYXg,2022/6/12 2:40,Ijp7rF
u9sDVE,2022/7/20 2:26,mEuvr9
zHkx2E,2022/4/22 12:41,VJ5iY1
zDvg4h,2022/6/19 8:36,hFHlPz
MPOg3S,2022/5/12 10:13,BSqG2z
X3UtNL,2022/9/21 4:20,rYgKtG
Aq1CAB,2022/10/13 3:58,d7JRGa
4x6pmy,2022/2/1 3:59,5dX1Q4
9liWAH,2022/8/28 8:45,Db4gbj
7PGALH,2022/2/24 10:56,ZhTz5Y
SOGZqc,2022/5/16 8:57,ZgL5ES
uF4ZwM,2022/2/4 1:29,dKZyFb
NxCtmH,2022/3/17 0:21,rP8rqv
khnZgR,2022/9/22 8:11,bJBvCb
uA2Mw8,2022/1/21 8:33,5L66uM
EAettv,2022/2/8 2:12,wnBv2k
5eGe4h,2022/5/27 6:43,OAYFYF
4kyWIN,2022/5/2 10:16,eOWdyM
ENm9Zn,2022/9/28 3:47,ks1iXw
e2rypq,2022/6/13 0:31,Xodt93
jiT5Uw,2022/5/17 9:31,VhaNBb
seDQyI,2022/7/7 7:46,Z6XYcp
AGnFe5,2022/5/10 7:15,WWu5Qy
cX1pHi,2022/1/25 12:0,FcWuVC
VFk1P1,2022/10/10 1:4,VOPPXN
