username,legam_name,password,phone_num
V87MR5,Melanie Hicks,t6pq*$-X,514-196-9345
FzNeI8,David Maldonado,4j=\OoH.,426-491-3085
HGQddt,Jamie Dunlap,Sp^2M&L5,072-421-0317
SWFcNm,Ryan Jones,&vMtU-oe,174-543-2396
XFRdGC,Jessica Marks,9qx0/`!<,345-444-2872
zngIY4,Cameron Hernandez,z?p(f_*r,001-277-9098
BOkuU6,Cynthia Boyd,"uU[jUpy,",551-736-8105
A9HezR,Chelsea Saunders,>u:OtTCX,901-125-2797
KXZ4kH,Kevin Adams,5l|_0R8&,925-961-6176
h2vVzM,Angela Macias,".""jZTq$4",313-017-2718
omtLoe,Kristen Thomas,>)995EJz,618-130-8901
c8sVbO,Kyle Taylor,1-Fj}ngf,510-193-0212
IiBIbO,Tonya Maxwell DVM,>R=326`d,063-317-6005
e2P9Tt,Ashley Nguyen,WJwmFZ^k,346-118-3466
m5CYkf,Matthew Rodriguez,/.d:TCc0,261-502-1217
JqZYFs,Raven Hooper,cV|UL#'p,706-989-7495
NzVmC0,Robert Garcia,sDoB[-C',389-581-5991
iy5LwC,Benjamin Barnes,L-}.y_u&,966-594-5829
FZah06,Mrs. Veronica Carpenter,"F(v'KyM""",649-283-8732
6pSAit,Jacqueline Barnett,/<^_RgR&,084-024-6569
cEYMMu,Karina Little,TG3B>%*S,722-970-3093
zudT5m,Randy Patrick,",o-xZqh#",492-099-8675
210Zae,Whitney Fitzpatrick,{MPqI9e4,275-701-1535
xbJASL,Christina Nunez,1$M1Ef+|,791-223-2957
Fmzdca,Ashley Aguilar,vK&r]s;o,978-971-6302
ZMQlK8,Vickie Pena,BdF->#zo,508-069-6496
cWmKVB,Alicia Crawford,rC6ER{zT,977-364-7985
iwdyo8,William Hicks,[9KWt[Nv,791-064-9609
FhOxMH,Samantha Ortiz,"{1CP""0>Y",475-097-1052
kbvNHj,Christopher Colon V,f{p|4&Id,770-871-0433
5WRD4s,Carla Lambert,G+qCj*@\,365-456-8741
VRr26E,Mckenzie Stevenson,`o=]i`5Z,004-911-2639
2mFHbf,James Luna,P`63~j%~,373-689-8225
rQ80X5,Jack Curtis,R_+qa]ZJ,453-658-2053
Ml9JBs,Andrea Vargas,1:P|bLLG,836-327-3066
MPPCP9,John Patterson,dX#jQH0\,830-496-2965
tf1udX,Stacy Wilson,|Q%k-O[-,765-975-7743
RNkJ5k,Mark Vance,"I/,)5Mt;",921-000-0031
BdAQf1,Nicholas Rogers,P%.~lP7D,686-660-4879
lE9W1T,Jennifer Harris,o0%e|WkJ,624-952-7666
tLP9qr,Sherry Oneill,:3)KN'n},066-366-2039
zzXFX5,Kayla Collins,Ft_naqKQ,525-599-9937
o6wljJ,John Graham,"\""U`Uej$",080-477-8148
UCpZHi,Sara Willis,S!6;yn1>,243-709-2299
r6tYbK,Jane Davis,t[/Crj*a,735-733-6906
AWoiBS,Corey Cantrell,TKv1s`}7,283-851-6169
HSh3UF,Kimberly Smith,"|pz7B,/s",816-471-8849
N5FElj,Cheyenne Taylor,zG1`2^U&,679-397-2203
E9fzCy,Ian Richardson,~>3z!I=k,090-763-0519
nUDrRu,Matthew Walker,O4hK<sN&,306-916-7002
7aYMFA,Christopher Ballard,",8AI?4,*",584-105-8098
RF4ddR,Jamie Jones,.lskrIh~,930-399-0983
lbrkLL,Tina Hensley,0.f%^Tl-,037-556-1022
cnUKTb,Madison Townsend,"=P""Gs\*H",022-872-4970
pKUz5r,Penny Parrish,2Z{4%L|^,405-290-9202
OZAx53,Lisa Haas,BZ_Q%e3G,681-621-0953
rA0Fxg,Maria Sanchez,@|U6MxA%,487-686-1256
olgNNk,Sarah Austin,!dj_M]QH,501-789-7455
HCI1Pn,Joshua Hoover,[lrRim5\,689-062-0556
ZwH6g4,Eric Torres,H+#hvUGk,144-366-2843
pcKNOD,Dale Perez,W}t_z-4l,877-366-6472
Qygy2L,Pamela Smith,YJhc}HvY,464-975-8705
VW0xgs,Devin Maldonado,I$pU?[_Q,656-951-5802
5b7ts2,Craig Steele,",p'o2&Lh",789-269-0630
jXKWXI,Mary Butler,X8rjZtxE,657-324-9450
vvd6ZV,Carolyn Johnson,rG2YF&C9,848-863-0785
VaWc7Z,Shelby Randolph,SgY'|.xu,073-545-7238
ESJ7g2,David Williams,Ed?K:vt%,414-990-7370
xmQZAF,William Adams,7AF]$L8$,112-932-0053
75tSn1,Angela Williams,"Ik]:""pLR",828-708-2186
33bXCH,John Price,m'W~jW!l,761-766-9896
rZ6fcF,Jeffrey Anderson,q7f6%nX5,560-749-5322
WceipZ,James Holland,!caF@ZjH,577-991-3791
sm0Rjv,Jennifer Rice,i*:lI{-$,854-035-9537
2WuY9e,Stephen Taylor,R)_1Z1W[,211-982-2030
lDxejD,Daniel Gillespie,n*d&|B9(,289-610-9174
8rQCPH,Chelsey Adams,N:UwOG@N,228-789-1049
6SJKDi,Eric Smith,vPT{oRc{,909-493-5817
lYQUkB,Deborah Morris,b{\4{f-),934-989-5883
AlUpfp,Maria Morris,Gy^35[bg,577-950-2318
XSZc3Z,Tara Bryant,*MXbwPqL,016-312-9568
S13bk7,Jeffrey Winters,HzmK_vdW,419-049-8988
IpWtVQ,Mark Estrada,"h@hFXF4""",331-131-2099
lrTMxk,Ashley Pollard,Lzp$o(R\,126-377-7076
NRdwd8,Dr. April Ali,??Gb3ATL,002-084-8755
sSMlo7,Benjamin Rose,a&.Q3!7`,224-247-0509
rdYu2L,Mary Jackson,Vk!ijWJ#,996-662-4636
pJySL4,Patrick Mcintyre,"SpQ6{,_n",272-283-1128
oRQEDx,Andrew Rosales,"h^W,pBdg",354-379-7489
WLezPm,Crystal Spencer,jW\#S]'y,729-861-4536
5gY4sR,Lindsey Stark,~/kEI<k^,013-834-0231
vhBZC1,Heather Winters,"\rJu,Xkp",682-154-4297
10zIgn,Andrew Hendrix,"5o""bfMLU",408-390-7457
v4FiHM,Heather Higgins,HV9Nrump,857-582-1693
soOYOd,Natalie Bailey,`^l>q&fy,840-638-9822
c1OwyW,Cody Sanchez,W#G72<wM,625-619-2083
wubghn,April Li,>f&]4@Sp,666-630-1723
2POYMM,Tony Rose,]P7.<XQZ,272-680-9290
8No1DU,David Rose,F(3T.z9c,091-306-0138
gXYMME,Hannah Torres,JaF[GObX,917-662-7433
DWSh6K,Lauren Carter,=?bL.&u6,725-899-9971
nFCdVw,Rebecca Jordan DVM,o5Ia)t+8,000-836-4256
MOXcp2,Paula Oconnor,n;1Y'cac,093-441-0695
7TbBaA,John Jackson,gg((xri#,258-638-4341
ylx3Pb,Philip Jones,/=M55Enn,704-188-0939
7khWdK,Marcia Morales,P7\0r+%$,848-637-8137
UUSEvH,Jaime Roberts,~GdZXDim,930-194-2444
Kf22oz,James Mitchell,@9|w7<o7,208-499-5156
7ErgP3,Ann Mitchell,@tm6g]Ci,103-977-7135
nB6RtV,William Buck PhD,"jtI2yj,^",929-613-0224
Wtzkfv,Stephen Hayes,"=EJrNIh,",654-868-6373
O0uMHU,Brandon Ward,g{i6Z1qg,276-768-0041
j3iU05,Taylor Nichols,"y:c8c*Z""",601-950-0125
I6685L,Megan Foley,D5'\5q/T,939-095-6429
uaUotc,Haley Hale,ON;2{7<u,144-932-6203
NDl7rB,Jack Rodriguez,M!%$kGJs,308-076-4536
Rk9Gny,Anthony Bishop,D}j{H.fF,740-248-8570
Eu6W6W,Amy Brown,|anSS@/',257-502-5152
USKBJw,Matthew Barber,.O:LKx$`,381-919-4823
YYxozE,Bradley Sullivan,"7"">=D*n6",101-516-3254
akGS8E,Raymond Peterson,.n{TGNMc,414-017-2305
tmLhDQ,Michelle Hensley,"""[Npz^by",029-038-3005
5BTI4L,Mary Ramirez,_{]VZ7iw,492-481-4234
OYd8Ta,Teresa Riddle,M<]YA$CL,836-072-4083
RM4ziT,Lisa Elliott,?qg|.)<=,617-739-1022
Nnu4qC,Margaret Marshall,CudjjQAg,221-904-8019
rvv2nU,Scott Taylor,wcCc'R_/,309-676-5831
KxP4FH,Christopher Phillips,FUHXk?bS,432-682-2508
cQdmZb,Anthony Weaver PhD,=C!Jbv-C,039-015-1603
lbQqBw,Charlotte Patton,1ET\*9N6,348-806-2106
K3D2Ta,Michael Edwards,"""m}_@=V)",427-189-0517
gBVRaI,Reginald Jefferson,]r=&@~eO,239-399-0841
ZWvJyf,Troy Schroeder,TL*g@1FA,488-079-4461
KWHwXS,Julie Lane,%9l>82UG,004-347-6822
zkNSTO,Shirley Hester,GLp7L@#A,564-209-4580
vBu9st,Alan Pope,:1f<|Eof,637-825-3738
RSezYD,Joshua Villanueva,=E~yf;i0,569-072-8581
vLzVND,Alexis Johnson,"g[H@ek-,",316-267-3598
qbnufo,Renee Hebert,W*~sMhD$,485-547-3619
oXguCs,Ann Williams,w*z-!VU!,495-369-7458
MNsHfZ,Kevin Davis,~FL4h)[a,097-665-7524
YZoB1f,Scott Washington,}y%kwB-m,187-536-0359
BU8DBL,Jared Brown,Uv@Ms5Ti,824-973-6257
ceXKm1,Melissa Brown,A5C)X)eL,099-175-1899
kAfFUU,Alexis Serrano,wuCYY}s`,984-675-2009
NgQvnK,Jamie Dunn DDS,2b=#{*Iu,838-598-4792
Voqa6x,Michael Combs,7MsG&IJ$,949-432-8687
YpkHtL,David Flores,.}3l&FDH,524-600-8711
plWUSi,Michael Rogers,Tv/B9nOs,162-586-0318
VCl0ge,Hunter Moses,CCURV#&h,039-605-8935
4TETyV,Stephanie Nichols,?y+KSXsn,752-246-9259
PPrysX,Kyle Chase,"kmmv""H2?",075-703-2466
fBhjv6,Dominique Pollard,Y&kU|Hv`,144-971-3864
RdRUZt,Michele Gardner,8AE%/2kX,184-645-3012
82Orak,James Peterson,K!yKh2/6,777-283-8157
ieHLgn,Walter Williamson,Dq%!A&*5,343-632-1242
tF1O2d,Eileen Zavala,Jg3@Uo!|,216-171-2924
d128zQ,Nicole Allison,CNLST>zs,912-393-7113
AwQojD,Steven Henry,CPlWy:vf,312-917-5822
Mj3VU5,Randall Green,]oReq3zg,415-995-1656
GhzHPO,Margaret Contreras,hIwx9;C-,088-081-1969
PTf40p,Joshua Cowan,9}IT:)}R,401-181-8799
FClx0i,Thomas Smith,1O`>Wmmc,546-007-6334
09C8ro,Janet Smith,>@<;WXfJ,205-435-2200
T34E86,Sarah David,#\>KfBsV,552-374-9408
uXu5IU,Michelle Garrett,M=W;=cyH,647-506-2890
oWlotg,Rachel Williams,)Anbi+K4,586-274-4683
vG5ljg,Paul Orr,-U-l7Wp[,866-949-2226
cYsUeU,Steven Palmer,"n8$C,^>'",712-477-3046
2I0KxV,Matthew Mason,-f+wP$@y,242-057-9953
TLUiJc,Wendy Porter,"F[KW,D{'",936-790-8710
5J4QJe,Jennifer Baker,(0nLfGX0,495-323-5159
7MQgNl,William Wallace,auj{_wXE,042-104-3546
ssUXmj,Ana Woods,Ox$D9@|G,027-964-5457
NZ2ZCA,Elizabeth Logan,%NgWLS1j,958-322-8981
ediPUh,Scott Peterson,X=h3T{z$,274-625-1464
LM6dpZ,Courtney Elliott,H:W(W.>z,623-401-2567
mLPNXS,Kathleen Campbell,uFIco_'G,706-805-5898
DW5OcE,Amber Williams,LguR=B\H,647-242-8170
B5iuUu,Christopher Grant,@9s7Od>n,308-007-2330
kfH4wq,Steven Carr,"795RgK,\",022-031-1657
6r1tVA,Judy Sullivan,c:[FJ$5`,025-881-5007
oPD4va,Andrew Bradley,"<a"".Wi'F",318-646-2573
U9BkVq,Shawn James,CPHXk?kQ,224-973-2682
EPAeOZ,Rita Rice,U)eo[_=B,015-000-5929
8a1L2J,Bethany Chang,w='2Z=78,112-668-4666
SsZjRq,Micheal Meadows,E2N?v8Q$,969-247-8605
aUB4kM,Robert Mendez,J0ORD!jo,991-761-5753
BGKIZU,Tammy Wheeler,"m`>oaw""L",133-710-9829
s9Jazg,Nicholas Cruz,~;fws7;d,850-134-2252
pcccu4,Joshua Jacobs,RITs=x)W,298-792-9595
IcW3mC,Daniel Shaw,u+e>yy83,260-256-3113
BvsVJA,Melissa Maddox,grw+?z_x,894-163-9042
pJpycI,Rebekah Miller,JCc+&*NM,832-211-4688
O0Agc3,Allen Johnson,K>A4j1+',048-661-5766
A1323z,Elizabeth Castaneda,$3~R7!C,011-142-5606
N7kGwH,Clarence Conley,"""lQArHp&",390-769-4803
0IdHGo,Nicholas Knapp,"l)i_U7@,",173-234-0754
mXzIvp,Sandra Hughes,~S[_xD`o,814-717-2089
119UN3,Carlos Matthews,]^<Y$MfM,685-151-3196
3l9d3v,Caitlyn Johns,pZ'XtM)C,777-253-8880
IJ12HL,Mindy Douglas,liz+zA(1,180-671-5359
aiXi8U,Anthony Heath,CI99V/v|,749-173-2161
oGuW4F,Evelyn Williams,">}X,XQCY",087-971-4228
D1FOAC,Jack Miller,fWY5Ifhp,831-878-7943
03trNK,Joshua Mitchell,w+cPu>'},606-992-7541
HWPs97,Richard Wagner,61WwMf1`,172-692-0186
wuPnsN,Richard Lucas,\Jl[/>|U,731-613-2139
RT3pqH,Richard Contreras,faid}+<-,627-350-2794
Igr4aC,Emily Friedman,[`tw!faA,487-060-1585
p4IzCO,James Chang,?v?f4vMA,750-762-8985
ctUNal,Jonathan Manning,f_R84%`),052-558-0808
E6HwkJ,Amber Lawrence,"3I,Tt!AY",021-428-5000
zZI16r,Taylor Pena,I`|~.k8o,272-810-2972
JKMmiq,David Hoffman,<l?j8pa<,229-438-6248
cM6NCE,Alexis Garcia,Oi7Ex>[K,024-055-4557
z7rBL9,Tyler Richardson,"A""@tvHwb",789-833-2335
2E2Rkt,Timothy Smith,u#Xj{`N4,501-867-3703
9W6iFB,Jacqueline Burns,=}Pz}R-t,225-199-3236
3x8ap1,Robert Sanchez,"""BFL#5{X",674-953-3000
BzKnuN,Michael Serrano,<)~E;v3[,529-920-0647
p13D7n,Christine Roth,/!/jS0I#,164-145-2884
byNI82,David Cohen,UDf|-Sh<,000-798-6122
y1kdnM,Tammie Rogers,LK)tCl-y,426-070-3689
u4H5TO,James Elliott,/9`E8JOU,867-549-2250
GYR09W,Nicholas Stephens,"""n(Pcca1",152-605-1104
yOToms,Pamela Eaton,2q0~%5~^,393-239-9444
06YTGQ,Amanda English,"d}2-,q=s",159-853-3530
xuzFmx,Preston Massey,0fvSgE$K,636-209-9092
QiM830,Brianna Hicks,"/L6YxRw""",816-459-3424
Gtio7i,Patrick Martinez,<]~~uL22,978-185-5317
Wly0Tt,Mr. Kevin Schneider,o2[VQrji,168-070-2014
jJP2mr,Teresa Lewis,_SZ6:H~/,995-150-9435
xby1Hi,Raymond Barron,>;-u8cJL,982-809-5545
ZAwdja,Sandra Atkins,VJ.G/O7\,369-201-2665
K0Vci2,Daniel Edwards,n!\ncj3n,722-750-1657
KL807f,Laura Carroll,[#`f2`B},600-573-3098
b6aFfc,James Rose,S-=+pn3M,476-613-9313
iY6fLc,Amy Middleton,<$9G#dtz,737-786-5430
CPm9P6,Stephanie Garcia,UvyUdN~r,780-682-5347
v2BYqd,Jessica Gomez,.Y]k[\T),726-819-6661
YHkWsa,Tommy Phillips,IK/RoZe9,085-193-2360
s6dSZK,Jessica Hart,"&&#_j.""o",797-906-7978
HUeU5L,Jane Greene,KBKmB:pE,759-455-6968
epp2ZT,Jennifer Randall,LX.Q(zkE,097-199-2875
QK6BEE,Carla Hall,le8uocK4,927-398-5774
eDQ7qY,Patricia Stevens,Qz~)y/I9,278-844-9153
1LqfwO,Elizabeth Skinner,qea{(;*b,637-708-1591
8tzb14,Richard Swanson,)<GRmOfJ,381-295-8547
cb7z3B,Miranda Hood,"X`bF/e9""",081-162-1964
yfrRGh,Kimberly Ward,1PWsV\wW,013-395-5921
eq1ZyV,Ashley Stevens,P?{fZ(j$,798-603-5589
4KnFct,Gary Smith,(-<$V3yC,636-838-1517
f82a4q,Jessica Zamora,Trn7@DKL,619-402-5833
eySBjm,Rebecca Vazquez,"fr""u`RF1",992-391-0412
GoJOJK,John Perkins,"d<Bzn9,@",750-787-4490
rkEIBG,Jeremy Miller,Q-kRuk!7,397-445-0367
Wj4dgr,Jason Crawford,^UY\gy*M,872-596-0382
RW9NU4,Rebecca Jackson,}#A:>'Et,774-801-0153
JXlAxS,Tyler Knapp,^2bm18#U,808-290-1783
OcGPSK,Lauren Scott,"^,:1&3^4",078-349-2572
MqAcY1,Stacey Clark,",.g2b`\",616-736-5943
pW7vDV,Mary Sherman,"Q/:""9C[b",587-297-8059
vARluN,Rachel Pena,^0`!IQG&,524-410-8030
n2UOFv,Sherri Gonzalez,$EMw[}t<,843-367-4092
jqxw4j,Julie Chang,7F2AC+`g,413-582-9547
9HQuR0,Theresa Campbell,hxVDR;U#,110-864-6152
qy7Hi7,Diane Potts,IwZ[jE.+,855-340-4361
7XTQPw,Joseph Park,\U[/OEDo,381-243-8869
Anr3mZ,Aaron Chandler,"k7,4K{Y3",025-696-4562
z7kP3r,Kelly Smith,gTU~4Cq<,024-649-6018
E2cYv6,Derrick Bell,<xnVs[q3,759-333-0743
EAtb45,Whitney Stone,"STW""6-Rd",575-615-9937
PfTXRr,Bryan White,u:&T5Zui,597-300-3484
bSbAwQ,Bobby Johnson,XglP<b\[,787-814-3226
1Gf05T,Stacey Hodges,]1E^^:5&,660-263-7849
Pb4QDq,Jasmine Johnston,x1[0up6*,966-327-8522
fjlXLO,Andrew Davis,C1GMkX?z,959-966-0746
DitwoG,James Bowman,DF7MgaJ1,276-718-9467
Fcq3xl,Keith Burgess,puFF^`)-,350-840-2354
QDGLgp,Aaron Rodriguez,".9-Dy@?""",579-960-7060
bOFZLc,Amber Burch,j}N2U^hw,303-772-0923
B9bn1r,Mrs. Melissa Meyer,"Eu@!,<cX",849-594-5056
FEGM6N,Megan Pearson,""",rAj1Cr",461-014-7600
hFcYuc,Anthony Vargas,"Vkal`,Bp",187-633-1212
nWoT99,Oscar Little,RP}#NQ-:,031-251-8401
jUC667,Cynthia Johnson,MzAM6J>C,465-066-8362
JoXQuo,Tyler Stevens,-pU_M.os,438-119-7216
ock8xs,Ashley West,=)-<h55T,339-260-4949
eEG3nb,Steven Brown,tOk)G+J&,636-854-3707
NCdmvz,Michael Michael,"N*?,0'vM",485-876-4906
yr9cDh,Jamie Green,zX+L$edf,452-481-6235
oJIJDS,Carlos Johnson,{a/rt?qQ,298-660-7057
zRUxuS,Olivia Lane,"#:*""=Q67",692-415-7159
1oj5z5,Daniel Moore,"f!zs9@~,",558-850-1294
2qqlt3,Daniel Horn,Q`aJX<@O,703-445-9816
dg2icD,Christopher Burnett,",F4;,^Oa",844-394-3723
pMYDUn,Brittany Campbell,T-WJV-nj,357-496-0016
kUAyDW,Paul Hall,b[;C\>gM,950-195-5795
HZSLvH,Ricky Vega,=Eb3!g3\,599-811-1580
Q22EjW,Jared Yang,Tv7*VPM_,639-601-3957
1DaOph,Erin Jensen,oZYchs#t,597-572-4233
ZRyRHh,Andrew Daniel,"N1""vD~k9",968-684-6928
3yU5Ve,Caitlyn Carr,"+""H;gU+.",541-095-6407
4DnUeT,Samantha Dickson,}r'{=]NL,252-105-1308
lSvvSk,Heather Williamson,#I#v!D\W,781-410-5386
KlmBLR,Andrea Harris,"p"";(yo[&",536-720-8761
NVpdZv,Margaret Atkinson,K74mIghU,602-613-3652
hzRuR6,Charles Owens,~mz0!?]j,338-417-2688
wUgXJf,Terry Cervantes,]-146/n),025-428-8599
thiHnX,Tracy Morrison,"D,gyoDde",737-817-5537
wn9OGg,Cameron Downs,"=X$}""{DY",687-631-5254
51mDsA,Sandra Davila,[k4Qu/(!,718-703-4842
zbo2wo,Johnny Brown,Em1.w:)W,586-549-6934
B0Ay97,Nancy Johnson,`ZjY9<|x,173-122-5900
DwbGSo,Walter Hanna,IUQeXB~C,369-526-5087
sFsRrv,Laura Johnson,&&T!4WQO,270-028-1113
vTtvza,Tiffany Washington,P\tBLq:2,559-120-8648
Ttmgis,Sarah Palmer,!jRyh|Y2,847-498-9137
01u4Fw,Lindsey Montgomery,#mHa+geD,351-514-7293
X7oCKT,Nathaniel Brown,>/U?@Ibd,148-757-7722
Eyj8Vm,Mrs. Amy Hernandez,JVIUf\l&,785-098-9613
Sht3Gd,Deanna Fischer,mX}?<C)?,997-399-3308
5QBkfQ,Rachel Donovan,ka8yP0q<,257-163-5081
UhOtPb,Cheryl Hensley,qqQXW4et,119-105-0162
4xA54u,Robert Beard,"I/pM_E!,",401-641-6475
GtIZqB,Mr. Jesse Garcia,"Ap?q@qT""",336-491-1435
1VXANA,Shannon Hudson,SgtcK]OS,297-917-0634
87uR9z,Caitlin Thomas DDS,\Y\/@Ols,927-831-4065
vwbYrm,Shelia Simpson,2Y|5@zQg,712-378-5428
FViHEh,Elizabeth Maldonado,+Ox=D9W9,467-095-3257
mWn9xX,David Bryant,XiE'qCjf,100-361-6817
Ufj9tK,Courtney Murray,=WhoZ_W.,708-881-6412
2UUNvS,Troy Hartman,Dlyf)XU*,153-592-5687
qmyKKH,James Roberts,QN#6VoP|,825-836-0976
SrBgUV,Patricia Hull,C|^VJvC0,263-404-8928
ctQ0Y1,Nicholas Hobbs,qWgR[GA,890-255-6533
X8JX7d,John Castillo,1))&q1e9,599-395-4941
PvDRgX,Thomas Bonilla,Nl=cnmJa,077-404-2845
S1jPab,Donna Davis DDS,G!muGB}y,453-089-1227
sbMfrF,Rachael Malone,i^pVB/ro,056-302-7955
WxKOg9,Scott Zhang,G@Ez}xeL,984-171-2520
3B5czx,Mario Cook,q^H+;=ss,371-780-6949
IToU4Y,Dalton Hall,g5a$f!40,316-615-0347
DALnNc,Michelle Moore,3NZ<rJ8Z,723-856-1227
vNSzI6,Sara Lawson,3aV<i`yz,650-142-3850
o2QEAJ,Keith Russell,XaDo3D}*,684-527-1702
TBOEYe,Jose Rodriguez,O6/G@.Ju,181-430-4321
bzCwHG,Chelsey Lee,*O%$Yv*h,946-727-1529
wXhxbr,Bradley Smith,"*""|vt*K;",128-319-8757
4skrcT,Diane Ochoa,n[hEyw6',531-967-4683
rE39y6,Michael Dunn,k$(uU2)H,705-312-1625
gESfB3,Tina Oneill,R{QT32a},665-118-0834
K9mqMY,Marcia Moore,^)\LYXQv,277-465-2614
a9FLCu,Brian Lewis,.I*.uF6N,347-810-6528
Z1bjJS,Gerald Ward,R[U*>ON[,714-009-7077
jmi4WT,Jessica Choi,M_e}t0.u,763-310-3165
lcBFPC,James Young,q$n.[>%N,045-722-9791
xRWonb,Carrie Landry,"pO&LZ""@L",255-471-2637
EOfMRc,Debbie Pugh,\DBS+^1s,819-476-1361
NfCIj6,Shawn Craig,yD8~2nC5,658-682-5688
f75A5Z,Susan Joseph,VOm/&Jlg,990-651-0969
UPmSEt,Jacob Clark,KGU-wBse,767-868-5105
WUuDYu,Scott Valencia,KS7q/(;<,050-847-6954
YvN9e5,Desiree Robertson,+4e_?FVB,568-478-1285
xXUFq1,Jackie Woods,L_'Km+t),626-730-7090
Rc2EkS,Charles Butler,^)H^mU5w,645-284-9118
HxV7TX,Nathaniel Howard,~(q=p!G~,513-140-7308
ywJvz6,Maria Adams,h!Q_\+tF,632-488-9354
sKGRuy,Nicholas Watts,>S`<Lh1m,969-480-0663
tfc9Mi,Glenn Hamilton,"=b""T!Pmt",991-005-8432
EOivBm,Erica George,"9""MT#v~z",239-143-2130
1Stc6k,Jennifer Thomas,%d}<x|12,456-689-1933
YbbzLs,Joshua Savage,SC|U*MkT,017-686-2143
wBhYXg,Alan Li,}EAN].9S,940-225-6805
u9sDVE,Lisa Luna,P_+6~aqg,892-694-3421
zHkx2E,Daryl Gibson,%BS:$I'3,391-020-6237
zDvg4h,Heather Henson,"k'B`jR,.",117-009-5432
MPOg3S,Joseph Davis,n3q`un;],238-840-9074
X3UtNL,Marie Bird,"e`*,H4h1",379-290-3092
Aq1CAB,Elizabeth Richardson,~o#&3!#(,944-237-2269
4x6pmy,Donna Rodriguez,"OH]?>p""7",890-990-0252
9liWAH,Cindy West,?>y&<'.S,165-933-1409
7PGALH,Timothy Gross,VptFoE>p,554-138-8547
SOGZqc,Tiffany Lindsey,"yJ94@R3,",864-754-7939
uF4ZwM,Kristen Charles,f;ln(22',015-703-8590
NxCtmH,Cynthia Medina,[-7Wl=I),581-633-4860
khnZgR,Rebekah Lester,!lmuJzWK,147-734-1749
uA2Mw8,Lisa Blackburn,Vdf[p?k),620-184-9710
EAettv,Joshua Haney,2+dCuoxc,936-410-5731
5eGe4h,Christopher Taylor,x@d}H$D<,082-376-3736
4kyWIN,Susan Rivera,BdiS\o[|,111-933-7089
ENm9Zn,Jennifer Rasmussen,`bRh@Qp?,377-618-7353
e2rypq,Chase Mendez,bbd_lFRN,933-297-9732
jiT5Uw,Brandon Scott,?K7vVuC$,123-487-2708
seDQyI,Patrick Montgomery,Zv{MvS0t,249-473-1619
AGnFe5,Jessica Reed,6xrSXQ=g,991-968-8805
cX1pHi,Amy Johnson,Oqq|cgn5,306-681-3273
VFk1P1,Nathaniel Stevenson,MUe(rW`G,603-714-3846
EGzZ4W,Amber Burns,Z!HHpdiJ,635-421-1470
N8QCoo,Blake Fisher,l<[/#80-,936-441-7356
KyZe8S,Sara Hart,k%g|DWd3,988-828-6482
AYXvVR,Alexis Baxter,I|9a?VC{,493-490-5237
y4aujO,Jason Skinner,7l3(J^0>,994-743-3820
L1PMMs,Donald Porter,Hgks#yhN,703-867-4714
SlMR1g,Cindy Buck,"d^Z,'\CC",476-559-9253
patMfT,Michelle Jones,YO9(dHWP,659-860-4039
J1HR00,Casey Newman,;A1SFV@],481-843-6571
dSuhl9,Terry Bates,=v__>>ez,670-922-3814
5dYC0x,Denise Knight,"o.7W5S,S",312-831-0415
Z7lrLX,Kristin Frye,i0m5&WyA,333-196-5712
Gtg1G5,Jordan Allen,KU)#^OHH,334-478-5063
hmZHls,Melissa Valdez,DwKjHfRn,758-863-5343
H3AYt4,Elizabeth Torres,<qVqJ9T@,223-272-3806
7v9MVY,Mrs. Sandra Wilson,"P=,P<&Kt",757-919-7804
Hnj6wh,Eric Jones,7_@%P{2a,607-877-5555
sbpuLH,Michelle Burnett,\'SoIqKC,023-891-0165
TlMyA8,Jesse Martinez,=9LRBH0K,560-062-8976
ky1q46,Michael Lewis,BHo1d2Yk,672-962-4549
wBOrta,Lisa Willis,m^mk}`XJ,682-455-1990
X3XIud,Jesse Ferguson,y5-U:\v+,951-590-9715
Vkz1ZJ,Tanya Shaw,"#:q,x3s0",957-993-9317
DXs3FH,Steven Chang MD,;s$HbA6.,647-786-3540
sIuBmh,Lisa Lawrence,^:CrE{aP,189-670-5706
hasnKv,Vanessa Lewis,[C*Fl-dW,263-991-0342
SBsOWS,Michael Bell,!=dvso?s,577-234-8462
tL0tdZ,Charles Powers,Pw@Z4P:x,633-040-6018
JsYrmh,Anthony Martin,"8,@9}E(?",723-559-0777
O35G8k,Anthony Jacobs,xbIvZmvK,591-153-1732
pWQ0kT,Rebecca Jenkins,Pjv!_qkS,210-798-3258
usaDiY,Anthony Erickson,4zcyNAU!,402-552-4274
byAaJ4,Colin Herrera PhD,ULG`Jdtx,306-866-2150
Q9pV23,Jennifer Baker,Fp8QgiT},997-865-2656
I0yKYQ,Michael Morales,"AtK`*U,x",682-825-7562
0MCIiA,Gabriel Gibbs,qkFS}L{w,880-982-4103
B2kh8u,Barbara Hurley,GvaNf4A>,517-495-2399
9FJAQy,Amanda Jones,7xXsT.!,086-075-8861
hyuB09,Stephanie Rivera,gzx*'*29,875-220-9804
4UdXsu,Jennifer Thompson,bzK+Yb|3,105-204-0797
fjTJNW,Rachel Simpson,"=rK,HFnG",345-620-2913
VSP9YQ,Joshua Allen,sY)-_@FW,355-948-6428
TtA5Vw,Jose Davis DVM,xs.S@H%m,633-589-2393
uHj9mk,Dominique Garza,@a.;<c@@,409-974-1801
gyWCOO,Ronald Owens,S#yBJCua,897-605-4682
goK0BY,Charles Baker,MrQ^8Wc_,765-009-1082
az1wo7,Jennifer Wright,u/R|p!f^,799-783-6619
ihZdrG,Cheryl Ortega,",_W;T%WQ",683-007-6652
989rmk,Tamara Gutierrez,(HtJFENv,554-658-5887
Kf7tnZ,Ashley Joyce,8~GM09oh,319-838-9987
ATEBcu,Paul Parsons,"8Pc5L""O$",884-968-2403
Gdrmff,Elizabeth Cannon,Y0Ql|+Hv,354-672-4219
47cmbE,Meredith Allen,UA61}S&p,787-365-9561
LDGPDP,Catherine Garza,{):?wT[>,767-846-1507
OzBjpg,Ms. Jessica Wong,Y':EebF.,608-547-6311
brMcwV,Chelsea Armstrong,"2/,O?}=Z",477-990-0020
3gFoWO,Brian Hill,u`10Dx#|,968-966-8620
YXddwp,Kristin Daniels,w.VpAaIF,082-436-0298
IiD2ij,Larry Hardy,OfM00CQ2,864-460-9783
SvQywn,Paula Chapman,4J8?it!8,503-979-2987
tgxLKy,Collin Quinn,5xj5b>:[,901-006-5263
TcLGs5,Jamie Hopkins,aCxsG$>&,071-423-2326
9gq20q,Savannah Torres,||9y$<jr,707-840-5274
wvDWaH,Jack Smith,j853z[nC,313-188-4430
cjInKA,John Lin,ZXtt1M]d,561-538-8874
FFtb50,Brandon Herring,xk%?v+.e,696-209-2250
aMMpKT,Robert Fowler,XfI!tEiM,025-199-3953
dB0I2B,Tony Wright,N1!c'/Sz,889-210-8156
3Z4jCB,Eric Holmes,#uS<Li[&,164-374-4119
kWGqtl,Heather Johnson,B-AUTv6),528-392-0963
ppRKBm,Amber Harris,"M^)T&,zV",493-458-9419
Lik0co,Jennifer Myers,/hf9`ro&,107-984-8244
dGlt2Z,Kathryn Walton,SGYAvDS',427-676-9629
RTrHtv,John Santiago,#p`:DO2^,985-112-3078
GfDs1j,Mark Davis,40QYS90],500-185-4955
ttdlAe,Patrick Roy,574\C[H`,385-182-1669
CTAN7U,Thomas Simpson,XhCMW6PI,921-292-4575
aD6QF5,Molly Watson,o;#Ta[R{,085-594-2582
a1eqZZ,Richard Hodge,o_F(bQpS,191-751-3429
3h6gDf,Suzanne Roberts,QvEyJo.?,073-793-8825
jdqBGs,Jeffrey Guerra,hA`)L;l8,092-945-3923
K2GGqi,Angelica Daniels,[H<mk_tU,058-380-1467
YDWXqq,Lisa Santos,|Tfe-nYH,902-753-4765
y0ZHRA,Adam Garcia,1<6[2%99,633-222-6120
EDUDrc,Kathryn Thomas,3[>ZRv#&,831-895-8098
ifPend,Briana Lee,"cG2TgD""t",131-469-6541
nZ6OFN,Erin Johnson,B<]'JxQ3,052-676-2505
zTK5RV,Daniel Lewis,"[t\c,*FK",391-595-8379
Dg1PsM,Jacob Henderson,"I,s&>UDZ",437-742-2862
FcLq7D,Alexandra Miller DVM,#-C$uF{/,517-102-0513
YHLniL,Kenneth Carter,Bs{I.J'l,339-351-2650
S4Z2tR,Lisa Davis,"~1x+[c""*",027-466-7424
ukvMR8,Jared Pierce,"B""Kv`P^;",439-702-2956
zJv89K,Andrea Montoya,;uanv~p-,432-460-4422
lSwCZL,Tracey Jenkins,}0bh37X8,053-523-3253
S6b3z8,Gregory Reeves,4GH3-fxc,563-690-4133
CMu8mX,Michelle Short,?j#-4Ud>,920-867-0375
5LwjfI,Nicole Martin,>3bi<s09,232-948-9356
b2LM0x,Teresa Jones,s>5>Br=D,894-218-9546
SaHABQ,Richard Randolph,`L~uH_Kr,620-837-5584
ZPfOkw,Matthew Marshall,78zM6}[x,294-911-3311
z0uxKE,Jared Hoover,!pw9-'Pr,005-649-7877
O1gXCy,Alexander Sullivan,QHr>j)bm,748-199-2367
YBxnlg,Christy Barrera,*`M<*<]N,245-148-4519
9FFolZ,Cheryl Richardson,<<l>3]C{,554-355-6443
0CKejW,Kathy Randolph,KoZ~4{h(,067-168-1301
2rl9uo,Robert Lee,5Jd9WYIb,997-486-5426
YosG89,Robert White,-Mtl$1/],427-821-0463
R4YSl9,Ashley Chan,-jQ.ueyn,289-276-6355
cvo8Pe,Sarah Barrett,F[{5m{s2,715-995-8958
rLPV6I,Sarah Bell,Tr?zv]0`,021-787-9984
4tRKeV,Madison Mueller,[KO:Z%KS,866-680-0472
NYRIP6,Kimberly Lee,zv/~`vQ^,018-683-6787
x3HGXq,Mrs. Sabrina Matthews,~04vyM/6,309-729-6149
AhaKBy,Jonathan Clark,(~SNEeY2,674-070-4818
s3cGSi,Philip Church,s$KjQ{No,532-388-3485
ZCskMO,Bryan Dominguez,%yl1>0i+,110-107-6848
rGZDFN,David Johnson,"aV7#""lC#",480-853-6898
sTfrLV,Tamara Smith MD,VRM+o6NV,886-910-8694
WkyiUY,Drew Higgins,"X6J4k;q,",512-885-6390
rtsdcl,Scott Smith MD,}w'A[7L],354-246-2475
3GFttN,Dr. Carlos Huang DDS,"St.""h*JG",155-062-4090
ONq2YQ,James Luna,@vO8@p9*,809-022-5199
Q7cMcr,Michelle Hernandez,kQ*/:ndu,638-942-3454
TAsGus,Vanessa Moore,|M.bwB?Y,748-420-6225
u0sT2d,Alexis Hardin,Fjv5Jf?#,053-913-6492
gOoyJ9,Christina Austin,.Cg'&sWd,104-888-7663
H9kSc7,Joann Harvey,xV$~dW5\,905-424-1472
odMiRW,Alexa Kane,"QiDU;""`~",529-490-0871
6eQAKb,Michael Hampton,&'2U3EzF,695-237-9053
2wWX83,Ashley Barrera,cFC\Ho>d,206-960-9866
e5VNWJ,Carolyn Scott,"0y\bmb5""",126-668-1988
lcxdFd,Gary Elliott,n[\{b*:E,888-479-5215
HAhubQ,Vanessa Patterson,s|X}zCkt,418-495-6089
fMiVXX,Patrick Baker,)`ZXUR_},012-004-3864
MgEN5X,Ryan Zavala,x{dYDZPg,601-754-1116
nuArxh,Brett Lopez,4K;RZ<]&,566-129-3160
maHC6z,Makayla Brown,X8ccQI\?,200-976-6842
idZw2J,Shawn Johnson,Nb$>C_#W,566-794-9185
4IVG2w,Lee Johnson,DCT~fzAT,458-233-5080
UIh7B0,Joseph Bowen MD,"$0""oVST.",011-525-0109
FYga0V,Victor Gonzalez,:%AW/l~o,826-918-0928
daN9IA,Justin Walker,6qK}*edX,023-156-2853
IcPtx4,Clifford Trujillo,v`OW$Sc+,150-413-4043
7Zo4Tx,Penny Cook,7J-aaf&5,370-961-8904
Ch2OWo,Elizabeth Price,H]Em_hh&,358-008-8005
9oZR7i,Maureen Mendez,r|#'oY`a,315-673-2277
SHnETb,Sheryl Miller,@`3(E7W#,494-842-1353
649U7Z,Austin Patterson,dbZ|+aO^,837-005-6943
gkVnAl,Victor Paul,:P('a1`N,540-901-1313
MKFtYS,Ryan Baxter,"Sv|,#na+",951-303-0057
dODi9d,Tamara Arellano,zl_=l70K,744-660-4562
l1fqbp,Miguel Schultz,wpIlI!3Q,627-420-9582
R2GM8Y,Richard Mejia,%7IZ@(A),072-142-1406
xsjdrw,John Phillips,A|sySmA0,463-660-9420
SWoyFw,Mary Kelly,A`Wd@oV<,767-976-7710
djtUlE,Noah Willis,"Y`j,""OE$",441-379-2313
XX4ftF,Mike Hoffman,~#T%eAL/,804-079-8181
3zJqVH,Lauren Wright,lB+%vh2J,043-843-0248
e9Mq5q,Veronica Valdez,pSlyg%!S,532-929-4086
t9hRPn,Christopher Brown PhD,[YBCbQ..,852-816-2617
zwwtN1,Sandra Watkins,{.7@Tj~9,769-099-1394
57RByk,Deborah Roth,oh1!=$e0,899-385-7487
eS8dj2,Robert Davis,&Zl%]wZ5,482-134-2567
mlAgTF,Bradley Graham,BB'G9I@U,140-608-3292
jxoCkl,Kenneth Gomez,O.'&ke0F,811-478-6995
hGIQq6,Thomas Grant,%lK8+AsM,978-429-3865
TJmRvY,Jennifer Jones,3LkB|WIU,766-134-8230
zdLmLn,Richard Bond,!B~SuvAf,254-583-7834
rPaoon,Robert Day,\_n?=-vd,825-183-5631
mTcrKZ,Christina Osborne,ifAilbWB,555-452-4913
N2Wpdr,Brianna Murphy,y]N/+~p2,935-933-2259
cNmCKa,Jessica Roberts,](Fi}+~L,154-274-0529
PV0mq0,Jeff Cunningham,k\UB@$mW,929-256-9006
37mAVV,Kelly Roberts,"$G&pV{""b",977-044-6575
L2beoW,Brenda Bowman,|`*[hL^S,120-499-0370
em9ND2,Sean Jones,XuJF%M~(,187-147-4346
CK9dK7,Alex Wagner,]'7^HUn3,422-893-8472
BpE9ZT,Darren Thompson,g0Y^39-D,758-786-1425
wAmlxM,Patrick Curtis,>\@RE<]Y,663-950-0567
xMhAel,Timothy Lopez,MC]Ivh%t,931-008-0145
P7jPii,Luke Hernandez,v8)g]RT`,155-436-0038
aCR8kg,Brian Reid,M{kr.9ZY,500-907-8239
1Zxo9p,Catherine Underwood,:GT>zj%4,328-024-3769
QLdIrn,Christian Green,L+uFrfn9,599-730-1969
u2ywZ1,Jennifer Benson,Z|M5dgZ(,991-729-2102
UBpYOM,Colin Ramos,~CFepblN,078-519-7419
YwHgiW,Steve Jones,]vapO\3M,233-425-1359
CyaFuX,Sean Mccann,h[UE_OJ:,696-304-0083
ZJM2uS,Karen Graves,clRH?d4r,117-397-1454
HHQ5ep,Joseph Turner,";yawebu,",368-776-6756
tonZoj,Michael Cook,chc5F8>v,896-050-0547
1dLkQN,April Nelson,>9@~LU7m,866-770-5944
iumGG3,Miss Kathleen Cox,3XBEJeZp,477-160-1953
NpHaWQ,Kyle Smith,"~""&$un""G",835-142-5679
ocRXQG,Sarah Huynh,Xk}g.N}d,659-856-9097
6cRbw4,Larry Murray,z-V/{ig~,062-021-2445
tmJ1OR,William Flores,~/!GZq{7,819-095-1524
Lz39T9,Bradley Walton,H.kWgWAo,492-588-7859
pAAWsz,Jamie Dorsey,Rxe{s%z|,119-832-0593
iSRWvL,Michelle Christensen,v+unJl+T,011-205-6890
SdMEox,Jason Smith,"sGD%,[;:",547-421-3723
5G8sXe,Danielle Villarreal,(\Y9]v7d,338-537-1077
tWa0Ph,Nathan Parrish,):-TD%J4,565-942-7952
XpIRrP,Jonathan Martinez,e:`~5c/-,299-537-3561
Gjuc3d,John Pennington,OQ\ZTk@p,832-596-2683
nW08ju,Julie Miller,{xF+i`B9,450-259-8809
EHLFDN,James Knight,{R[b+vP>,341-914-4326
B7ngnV,Adrienne Ortiz,7IbDRU>h,364-592-3998
YrDt9F,Mr. Jeffrey Sanders,~>@[+Jb,010-286-8703
DAw78E,Kathy Austin,TXsv`k!],855-683-1245
DdMeFA,Angela Schwartz,|~>]~!8*,294-298-1433
nvxqvI,Vanessa Keller,B2bKI`Yw,689-292-4914
WRm5Qt,Raymond Mitchell,")_"":=oYB",573-877-1875
mj5YEM,Debbie Steele,IqHrC*b!,005-350-6729
a3Xu4i,Natalie Lester,wxX$jI;c,543-670-6365
7HIGCk,Craig Nguyen,@R!<m8S*,911-905-6642
Ah2n32,Micheal Watson,"86,.!\Eh",726-725-3569
is55Wr,Larry Davis,c<)Luw%h,567-291-3607
dIuCVZ,Sarah Carlson,%+#`c&N@,171-258-9520
IoYADL,Cynthia Salazar,1vUx.o$J,403-022-7541
m20Oso,Christopher Williams,XotF<oA[,706-793-4809
9QPB4t,Zachary Carter,t0czn):G,105-709-1423
18qDzW,Philip Williams,`US_k^gf,672-654-2796
QegpRv,Erica Evans,<W4G`wu/,371-800-1422
y4wt8Y,Alexander Becker,U!?GD`xR,405-383-5593
L9dqAB,Benjamin Hudson,+.Hmf@QW,123-159-8015
BU9R5G,Gary Hoover,_N6^V1+%,079-354-8770
cbOBLW,Christopher Roberson,HNW!t4R6,762-086-2871
sEyCuj,Christopher Foster,"loe,:[D9",968-641-3030
o6lFZx,Kathy Ruiz,_B9xz3AV,202-716-0184
2QS004,Lori Schultz,G+in`?&d,578-855-0328
PK8pCf,Jack Taylor,?W80e4_\,792-053-9384
W9iaNz,Cody Callahan,)LB1Zfp6,083-787-3581
hxtaA3,Timothy Wallace,K64U1RGN,510-351-8909
jJP3CD,Luke Henderson,NBw|~\my,107-522-7117
Z64LZp,Joel King,|B7`}N)},772-437-4108
yllTvA,Catherine Smith,dV>o2I5[,154-026-8943
YDCTpv,Michelle Aguilar,Zmc@3ol-,502-920-0845
AOtwhm,Robert Tucker,Q>}co2S1,913-148-9698
EbQYRq,Jennifer Castro,=tLYh/T7,778-286-5726
pWI4PF,Jeremy Gray,aR1-f&VE,487-817-5213
kKk3ll,Sandra Brown MD,"F\wPr""$h",766-489-1264
NOCsC6,Michele Ellison,$bk1kjel,719-667-1906
0Pee3y,Kimberly Brown,C4=p7_jk,426-811-4496
UnZRH7,Daniel Brown,Sfc[x=hy,265-610-1439
YZT4oZ,James Bates,$+X*lDq0,421-782-8013
2dy7te,Connie Arellano,/\&Guc!1,652-484-0737
LGmIiT,George Wolfe,.w(l2|Hh,463-921-6345
kVZUiC,Marcus Green,"lL6Lv?,0",666-122-1808
MKdTjm,Michael Jones,3.b-L)98,233-507-3187
qSDmfM,Amanda Tucker,"t""~SFc0'",030-547-9157
RSjmzi,Jacob Fuller,]l'AF5$<,656-669-9025
H3gATw,Dawn Taylor,%'YaGelB,217-450-3794
MMEGrw,Travis Marquez,4}M^A';R,754-743-6064
hD1Rsd,Joshua Newton,w)1JU/cI,293-227-7680
6j3MQa,Daniel Hunter,UGiK7<>8,738-249-5604
bila0P,John Tran,WrFVn+1O,322-001-0813
t7f1Mp,April Coleman,n`YdQY'?,393-733-7427
fM1qHX,Brian Frey,#+ujEv$},278-974-6235
hklQFb,William Campbell,@PF96aDL,799-200-6321
UAkGqQ,Carrie Davis,0Oky<`]:,794-568-9191
o5mGjv,Bradley Lutz,]}-(%926,103-316-3335
KvVyWt,Darryl Logan PhD,RuvYer3[,475-653-9062
Qp1Lvf,Denise Valenzuela,.d&X*1SN,642-093-2328
mPbgpq,Julia Scott,wNmB?gDE,453-147-5614
zKdJF0,Stephen Wells,4-%b<4M#,730-669-3892
pnQPNQ,Michelle Wheeler,"XJ""r\\;p",984-647-8337
CZnGgV,Jacqueline Gray,U*-w1vO>,390-419-4328
CsN1AZ,Julia Thompson,`zOs!0I>,839-253-3540
kJOFdb,Roberto Green,rqe&>^22,043-086-0676
yIQ6QY,David Ray,REA`J{i[,822-407-2556
SAqfJt,Ryan Alexander,g7;U(xNp,496-146-9211
cAbkJV,Linda Garcia,x\[Z;*Bg,328-369-6055
2gsGd6,Teresa Berger,A6AeqN@@,986-505-0417
c7JDj6,John Douglas,"{]e?v@},",080-750-7262
lkJzaF,Angela Wade,RmM$K?R4,674-535-3870
AGJOyf,Jesus Buck,d'KH0&Ly,129-976-3018
phidYA,Cathy Campbell,C(zM=DbT,551-315-2186
7A92M6,Eric Silva,jTu0SZ34,144-281-3124
ssoTdT,Joe Martin,C1IkxlVN,126-067-8098
PObu3j,Vincent Johnson,|GA~Cw-H,770-771-6037
knjWjD,Jasmine Bowman,"&;,>E$KN",320-187-8615
MnsNb6,Jamie Jackson,K3V1ja[E,228-773-8074
Y9jJFi,Darius Madden,5QE9`[B^,711-994-3657
6sXMGs,Linda Castillo,omh*D=Q?,527-409-1519
bqm08j,Christopher Gomez,wmXmoI'n,819-464-8304
D4o83u,Andrea Vazquez,:5Z@Pe]v,353-901-0013
ala6qj,Robert Farrell,e5$.r_x1,311-309-5467
OfRs5d,Bryan Reed,|Tm&YqJl,128-855-2734
tGI2yK,Chris Jones,}ik7Cf$.,696-149-9739
MXh153,Suzanne Aguilar,b^R$rnrJ,813-757-9546
aWoJJg,Sharon Dawson,&.eHJdl<,937-220-7544
RaGyse,Ashley Soto,g^V-XPg,937-674-5090
I9Cx8k,Jeremy Garcia,>/>:4;s8,081-690-8028
bsvJG2,William Nunez,g]`<v1ph,662-652-1483
aLGdvg,James Mann,}c9mMBbo,242-804-4600
NjpggU,Mr. Dennis King,6~I-+jQE,195-361-2022
4FWuae,Gregory Walker,s>]@!*P.,162-682-1014
X4Xouy,Robert Garner,jf[g}~d7,302-685-5265
IYY6ZM,Justin Jensen,0ZtjX]T<,610-267-1803
HRPws8,Mr. Christopher Campbell Jr.,"@m,j+;a6",002-625-2507
ZyojlJ,Abigail Patel,!wh*O.|I,335-571-6950
ylds33,Mario Hall,NNC;a4-k,593-769-6901
OqSQvL,William Nguyen,XK|p0:;=,129-742-8642
evaSVX,Brian Mccormick,"^39Q"";O@",302-912-6444
HQJdYP,Logan Richard,F\\VU*<D,013-980-6502
EHWXVm,Tammy Robertson,tlVK{nz&,925-961-4714
0ySO0I,Robert Taylor,"{qL@A,G|",305-375-7453
VZffst,Cheyenne Savage,{&BU.$Zh,315-500-9993
41fER6,Kimberly Jackson,9p{vQqQ@,536-120-5320
hHcRcV,Dominique Huerta,b[5v!-8U,882-919-5923
AVMNov,John Wolf,khqi(~!U,319-697-7986
g0VpZ7,Tonya Lucero,+9v!&#R/,148-890-4417
2Q5S76,Laurie Duncan,L?Kb-DsZ,042-444-9541
2lhZih,Daniel Washington,axbZ'`SD,497-603-3924
t90a0N,Heather Rodriguez,*:<vO0_n,354-584-9401
JjV7Oe,Ryan Stevens,?v:R4@5-,418-529-9414
6Hvt91,Justin Clark,`Gj+~_xg,825-722-6285
YObiLA,Heather Brown,/QIMZcfN,651-634-9660
APKgZ0,Destiny Morales,";r2,|){V",454-263-1231
xkwpdo,Christopher Mccormick,Q-nRVbf-,487-750-0736
5GAHf0,Amy Garcia,"~#=""Rus6",776-549-9118
l5CaVz,Brandon Walsh,"at^8""`O`",038-103-8208
KImqBT,Douglas Simon,Q(ls)L1/,049-617-7403
FLyzZl,Penny Aguilar,gOx/ZgL@,412-927-9876
DnJfJn,Brenda Morgan,",l`(@w5b",391-511-0662
sQnHx2,Steven Duke,96`bE[m%,276-553-7947
1Qsl7P,Robert Thomas,y.A~'.Bq,251-838-0983
8j3UVQ,Gregory Sharp,"_,sD7@-3",494-451-2450
NHjcjS,Alison Bailey,hDNn9t7(,707-807-4739
zFrZE2,Jackson Rocha,"+Jt+`$,#",994-048-8312
qGwYsE,April Vasquez,[1fnfz_8,008-383-2294
MDUuyu,Stephanie Conway,jK7]D2el,033-491-7376
keNj1z,Wendy Melton,a%4A#9^E,435-834-4496
rsS3RB,Amy Ibarra,g?|ic0H,393-396-1396
EPrURs,Maurice Andrews,"9?bGXZ@""",417-996-6012
LcM041,Juan Casey,fPD'wU%|,055-486-5003
dj1yHR,Ms. Alexa Jones,|Io3)<A[,883-210-9942
5dSy2E,Angela Robinson,abx9-1$H,943-022-5596
EQO1rV,Carla Castillo,T']Q%YNB,742-667-4853
jxyuTd,Lisa Koch,CL)o6[y(,112-685-8588
X1wmiW,Courtney Wilson,{HAa/6mP,665-836-1425
itkWFS,Kaylee Lewis,.z|6[#Ln,000-354-5663
83lA7x,Nancy Garner,z6)%qqOx,614-117-1726
sQXmPB,Travis Cook,4n0zO~|y,307-100-9339
eTu0QH,Melissa Herrera,}.Z$1eSW,596-921-1903
CtPXbP,Dr. Marcus Sanchez,t@dGsQZo,928-525-2475
fT56QI,Mary Howard,AX'AF1UZ,541-529-2935
erK53y,Timothy Burns,2sfqG.Bb,523-776-4580
ujzABD,Jon Dixon,\XT/fwwU,627-860-2184
GumvIP,Shari Mueller,]oM?NIF],846-831-7062
lrdcUW,Danielle Sherman,Nsz1-|s>,815-587-9175
CkbVfo,Ryan House,&9-o8[Q^,075-683-7391
2wAOIh,Andres Park,!BcU7lIt,710-960-5536
0iZ6Gr,Gregory Singh,"{(X%\gM,",948-625-6208
RBsMRq,Karen Scott,n!d@cJ#8,104-341-9090
nuLpVi,Kristy Taylor,"\iVf,HWB",341-446-1688
pBXy3T,Kenneth Taylor,"YvaL|,;}",248-166-8933
WYELHP,Justin Morris,jFQCy>Gb,652-006-6745
D1lE4j,Kathleen Howell,?.Bmo@es,145-334-3315
zolvLS,Allen Miller,ndp#P]**,303-166-2368
n0Svru,Elizabeth Walker,oViZGBF!,206-538-1048
cNabjG,Anna Martin,|`UX3~q3,031-377-8472
KCpFkr,Jacob Wang,c3s8G<!(,257-796-1043
mG4dIa,Kevin Perry,"R""_rkS!%",330-621-8904
Ejzlzr,Gregg Bryan,mx#cs:V.,229-350-9048
730FKC,Kristina Boyer,;o^?iHz>,785-457-2866
BlrTs4,Mason Vasquez,?wbVa)!#,616-046-3406
ylRf42,Donna Sandoval,*+HXd@S!,994-399-5429
4uE3IE,Bonnie Palmer,"8@,l7Nqu",716-555-8515
YKr2qI,Jason Lopez,_%R&R+bK,893-381-6999
41Xteq,Donna Christian,Z>@/0gf{,649-898-3255
PE1mE8,Steven Bryant,49*\=8yT,186-685-5048
ATX9oh,Erin Wood,WE'\WN/=,883-470-5048
Ijp7rF,Joseph King,G:x(u4n4,365-333-1766
mEuvr9,Jillian Hayden,m78r9e-^,260-540-2743
VJ5iY1,David Gibson,YJr8t)|=,664-018-0408
hFHlPz,Melinda Kirk,"H7mN""w?L",327-625-3335
BSqG2z,Susan Allen,7?:J<)W9,373-762-7807
rYgKtG,Carl Garza,!=i}9GT1,775-116-1424
d7JRGa,Angela Gross,iYwM)0Vk,276-739-8328
5dX1Q4,Jennifer Matthews,B:!wyaL',694-998-2748
Db4gbj,Kathryn Wilson,"J.uLw!""@",023-315-6545
ZhTz5Y,Amanda Delacruz,?sm\cC{A,381-836-1646
ZgL5ES,Angel Ford,\u\`A[qH,335-107-3613
dKZyFb,Stephanie Boone,^nHBI{qc,440-349-3357
rP8rqv,David Reed,@t*M!Il|,238-758-8553
bJBvCb,Christopher Smith,q3ZTurH9,753-756-7124
5L66uM,Traci Bennett,H~}Ev~/h,103-119-7843
wnBv2k,Savannah Mendoza,mntJv;uM,280-640-5862
OAYFYF,Robert Douglas,BJQ<j#o-,980-858-1377
eOWdyM,Chad Smith,I8JHsW!Q,110-152-9655
ks1iXw,Richard Garza,fI3w7l;C,091-209-5635
Xodt93,Jamie Martin,$b=O#ca*,195-043-9562
VhaNBb,Chad Jordan,oMRkaY$t,840-711-7801
Z6XYcp,Diana Reyes,NG5wr:'P,082-019-6875
WWu5Qy,Paige Mccarthy,",d]n?8O$",340-252-5072
FcWuVC,Christopher Macias,dNUI/aH;,340-376-9408
VOPPXN,Cynthia Allen,+p&fFS'G,265-143-7485
GfAft1,Chad Griffin,sqj1pa~:,607-083-4829
pRM4E2,Corey Pearson,lzdby?;q,561-876-7835
yMPLLB,Joshua Smith,7~HMEx#?,028-836-8871
BbXpoh,Kevin Jimenez,"8P""BO`K&",511-253-6053
hkLX2x,Jonathan Colon,n-4m#XPC,102-125-5738
MKiJR7,Michael Tyler,"!m-e6;Y,",681-344-1861
p1m3Q8,Mckenzie Cooley,&ShtL}C4,461-034-5924
lKXe6I,Kathleen Kane,>w3arz&>,063-939-0758
wKCNN6,Brenda Christensen,o)/>2k>{,114-946-0871
0b0c7J,Kimberly Tucker,lE`^>Z0S,173-395-9178
pRZZr4,Michael Foster,17j5S^w(,064-989-5195
Uo5SfU,Destiny Simpson,(A`Ie'~D,433-803-1156
ZILYEd,Shawn Smith DDS,]>'a2m1Y,461-122-3908
JDoCls,Scott Miller,h^HHSlJ~,989-785-6515
u87lT0,Amy Ramsey,${iuQ-&:,189-277-4535
GM3dN8,Nicole Woods,OTR2<]mw,375-133-4365
jMddJS,Jennifer Smith,tx?9k%Zu,651-055-4594
NeosyE,Shannon Gordon,FK#~zprY,660-056-7944
ubWWS4,Philip Randolph,18s@wG?G,876-441-3834
enqqot,Tammy Benitez,SIL+V9p@,138-585-6861
6sUFLS,Tricia Lopez,U~@)xJR9,385-997-7457
a64Ny2,Spencer Washington,r/oFIHY+,648-169-9753
Ap3WzG,Shawn Macdonald,"}2B,a<9m",252-532-7419
EBJ212,Stephanie Santos,(;:cu~ZG,983-210-1647
du498k,Christopher Peterson,")Ag7>;[""",483-676-5799
R3hthb,Mark Stanley,:tL&&:8L,592-298-6056
7HTVS2,Kevin Wright,<m6d8#dl,923-677-1506
KhmeWm,John Hughes,!RB{c'u0,732-893-2677
BIxkmn,Matthew Rocha,#hkH{b?6,705-230-6032
jE1cmb,Rachel Collins,RTD:_g].,401-772-5689
Ya7U55,Jennifer Greene,""")sH$6IG",496-212-6435
UQIbYr,Stacy Norton,_4k*|Aw1,692-899-6127
xssRsT,Sean Smith,8VDbm0ky,112-827-1406
Q8XR80,Dustin Rhodes,zAL|`v+V,858-828-3201
wrQ4Kc,Kevin Richards,oO2%nmb&,316-754-8288
kff271,Stefanie Collins,Zdj;0TRR,534-073-6804
50lqJF,Jon White,_M<rcsq1,014-671-1460
ejtGx4,Paula Jones,"a4y#,dwS",630-040-4527
4SWhLn,Laura Hill,WOV%H'u!,896-204-0709
DHcHhO,Sandy Smith,4lCJw#^g,252-501-7904
oaGq03,Meghan Smith,<4Io-X26,236-712-2367
M4v1W2,Michelle Lee,+Bfs/-:5,806-251-5162
rjySxY,Ryan Bryant,:R`[7`J:,034-781-1502
Gq4WA2,Vanessa Trevino,&Xw1qgk-,245-755-3808
GDT1zz,Jeffrey Bennett,dR|'VIw8,171-301-9999
ZxSXBt,Thomas Thornton,WZ2FzB_Y,653-848-9990
9xsz32,Kayla Terrell,@GcfE'iY,073-444-5870
JC5ezm,Adam Booker,>a|o{Bwh,871-703-2167
zuUDA0,Kelsey Marshall,^*P-02{=,125-167-0736
TSaOkx,William Wilson,)~v+^DX^,639-984-4785
jUF5ci,Kaitlyn Nielsen,zXdjEF^n,501-919-4671
jThFT9,Maria Smith,"""xE4cHXU",682-197-1287
qQwBN7,Katie Gibson,]~o'.Bi),384-144-7196
6mNqCE,Brittany Sanders,g!(tj(^:,952-020-0607
fVxbDt,Judy Morris,CO't_Mc~,249-208-1700
TvN4Qj,Lindsay Shaffer,C[?j?|n@,219-117-6056
wNkX4g,Mark Russell,db4G#h\y,126-110-5198
FtbUXt,Andrea Gentry,/&DrkODO,652-149-8106
DSFcR8,Tracie Marshall,W1NR\w%,201-937-6194
k3RBZG,Jordan Kane,Y.?KN9:`,401-350-7809
vHQywi,Joseph Griffith,PGPI=~S),298-237-9762
vvANO9,Elizabeth Roberts MD,"jh#FI,Q?",849-830-0784
WirrlT,Krystal Obrien,_=t%?Zlz,442-436-3854
nL8DXv,Cristian Walker,\e:[u(l',100-032-2956
n0dPUW,Raymond Adams,",tce85oe",784-669-0294
Rvyemw,Jeffrey Young,"EW],Pqyn",900-558-7386
PR73jl,Mitchell Hopkins,)9mnwQ-0,302-107-4850
s0DFGt,Dominique Gross,(%dl]qR=,812-275-9574
Q3R8XO,Dana Cunningham,6=U$y./},619-051-0455
IrteK5,Lauren Miller,bP!^v~jd,581-826-5368
Fgbn5d,Teresa Carter,|jFuX7j(,517-867-7889
L264bU,Jacqueline Bryant,;l(i^C`@,825-402-1268
VtlWUh,Dwayne Burns,FE/qW2'<,793-950-0391
sitt9b,Angela Bell,K(Lg@FkJ,068-894-4047
FTXkV4,Victoria Collins,WA$kk-r8,326-563-2670
CvGCyD,Steven Holmes,g`<MSwKZ,436-715-8735
KF4k4O,Paul Hale,#9~r-2H?,748-792-3656
xVb6no,Elizabeth Buck,uWj@>CG{,808-844-2732
mvWMwm,Alice Cooper,B~L^mQSi,835-966-9063
LVg9im,Nicole Miller,!0K)I}^#,567-809-4864
FlgB2p,Deanna Lee,z.}#u2me,951-124-5837
NT5iLP,John Smith,2}'Od/Me,204-074-9913
nInf6n,Christine Salazar,uIK^kt.o,229-101-2985
9Ipt7k,Alex Marquez,";S';""l\[",041-822-1361
i09e0c,Samantha Webster,#\D9ZrWJ,117-905-2716
gKgReT,Hannah Robinson,O:+(aEF+,947-317-5001
rvdvsU,Kimberly Prince,];RA^AUF,150-768-9585
sDjHio,Brian Bird,"Ae""bD%ww",252-911-4015
8qY3AZ,Jessica Greene,"7Nzz,NEC",858-155-6765
6Vn6dB,Evelyn Espinoza,.Bs!|RN[,613-595-0021
qtccCB,Mary Hoffman,NQCCU\K#,568-634-2710
sVnUyL,Sherry Page,z885&5Fx,258-526-7811
KNZVB4,Brent Taylor,bR_Nvv?%,228-380-2696
AaRUgK,Brandon Jensen,[OO$x^a<,147-002-6180
EnKHVJ,Sherry Wright,QGN.#ucT,386-621-3733
qvSbF9,Kimberly White MD,D49.OJj1,728-183-8572
1PBiYN,Patrick Grant,54b@uAW^,258-597-7859
Bo2Nsx,Roger Austin,dlaF%uH1,960-084-5107
9kTt5C,Stephanie Jones,+P\!:T3:,742-698-6617
tWMSYZ,Edwin Wilson,uJ`wBr&,314-587-0074
1lAdoC,Oscar Powell,|X*!g-fQ,342-341-1734
2sIaew,Elizabeth Conner,",wzSTW!y",764-048-2260
2bCET2,Alexa Lewis,?HO9e:J},116-867-1420
S04WHu,Tina Moon,Bu+90-Lb,344-642-2917
z6zQss,James Shah,"4&aj,u~B",783-697-7400
wi0mrw,Casey Perkins,",@}b*[@*",474-731-8476
Nh9zUA,Samantha Caldwell,1~_o.rd7,974-202-2851
pjGh0e,Hannah Forbes,N0~>8faN,630-832-8988
ApCUAh,Jasmine Wallace,kXY`5T_i,073-266-0622
eeePnr,Terrence Steele,"vMP[F""JZ",471-589-4057
MmAZn6,Jerry Wright,0EIf8-os,598-940-7640
5QuP0w,Kathryn Underwood,fdV33{Du,385-961-3264
2cf4rh,Jennifer Baker,d#0ltC+_,255-278-2503
nSGVPC,Stephen Cobb,?e3{c~2f,873-021-9485
qchSHM,Wesley Navarro,:c53X5O+,832-296-2296
S74Sms,Bianca Tran,"""|V^8\p|",514-159-3515
AP5Jlj,Sarah Cox,J)oq1_;?,826-115-4564
uuyQbi,Marc Norman,gkr(]+Q],294-058-3321
Bkw6mU,John Robinson,l0M^|KXh,606-377-3253
k1W7sL,Devin Barron,pS@_:G=J,732-266-7004
YmJh63,Michelle Miller,N^^NrnK,175-436-7357
1kzx3b,Matthew Dean,vH!.tu4K,602-098-6234
ldrhle,John Nolan,"$sWH^""A8",119-379-6148
OaA9Rg,Jennifer Hull,nGB=KIGa,122-899-4191
ZVVjrv,Edward Flynn,)i|$Hz$3,906-866-0238
WDguv8,James French,sBL_xk/4,047-529-7264
ZMy5Y1,Rachel Solis,XsIf<^rG,969-654-8410
sOqVUI,Carlos Burch,N&THp+An,343-251-4160
nDQ1tS,Christy Edwards,BcRK=eDF,848-577-5659
LZVnHk,James Hamilton,.d#%_crC,115-513-0022
hS3Eb0,Scott Ortega,RGr^9[qD,861-256-1400
41ssHY,Jeremiah Stanley,1+sogxt\,555-555-7398
qSBIQC,Austin Mccoy,B_-UT\V2,818-181-9701
zEBN5n,Austin Saunders,"pDswC,j,",149-422-3501
eeTOjV,Joshua Wright DDS,RQ0jXina,606-446-6996
nwFNXG,Daniel Goodman,.NSB.#=f,561-437-7943
8owzad,Troy Jenkins,"<,#9%W<n",733-990-6133
Z561La,Betty Smith,>yS6Y3BG,123-718-5462
RCJSxC,Teresa Rollins,e&XP^Kx&,598-454-3405
jUWQj7,Summer Williams,"amiF~UG,",431-632-6744
gqSXFU,Joseph Mcdonald,dM_SVkT5,956-543-3325
Td45Km,Ryan Ritter,hty+QqB2,233-187-5935
P9oiyA,Lori Johnson,MM-Th`_=,620-888-0648
qnT36g,Kristen Taylor,d6=U?]>%,179-220-3202
MU9CnD,Keith Lopez MD,"rh*LW"",4",001-521-0986
trEzTt,Julie Hardy,"oc:O~""s<",773-877-4765
LB0lir,Eduardo Lowe,kq3ox.t],368-444-4097
fW2hCx,Colleen Cohen,p7'Z)9H@,328-145-0557
YBgWj6,Julie Hernandez,"^1X"":')d",807-813-4044
nntvLu,John Taylor,b}\F}zNu,555-494-2708
VR00Lc,Leah Rivera,"t'<n,mJ#",790-124-9242
haq5Xw,Cheryl Lopez,?0-Z3`Yp,792-972-8030
KEElXk,Angela Boone,VUx(~*Cv,036-527-7420
ooSMnm,Chloe Vega,\$N\HoA',334-608-0666
hXIILp,Courtney Robinson,<k;|P*]U,416-275-3577
9Z0FQQ,Jason Manning,:&51Smj{,514-083-3484
1oKZAm,Ebony Watson,"tf,yBt3,",750-383-5598
GdouLe,Justin Scott,?d*UZfwp,124-668-7376
1CPIHg,Mary Hester,:pz\tZ~,416-452-9386
cInNTx,Heidi Daniels,rd.2+Kdh,557-189-0243
TYOB57,Wanda Hughes,Vma}#s?g,076-853-7739
5Fyxus,Joy Mercado,q62.Ay4r,697-205-8586
aOopFK,Julia Hardy,"LvCl7,6A",417-225-4276
8xMoQJ,Christopher Holmes,FYG+%AL],749-456-4881
a0SUmH,Julia Ramos,Ab9?F\>m,420-806-8513
nnVWFl,Cynthia Scott,"3II""`n~3",154-899-9450
YFhqyG,Ethan Lowery,ik:SI1kl,849-611-9263
qDRgs2,Debra Diaz,qZ_flP=q,106-612-1826
1xDcPf,Kevin Robinson,",P>+zHmh",681-452-0156
lpIEkE,Patricia Farrell,(%s/[Nq^,602-829-2378
plcqKH,Anna Mitchell,-NfWT3(I,769-810-8766
XDJDR9,Jody Robinson,0@m|GvA\,711-940-3409
nR8F7M,Laura Dixon,j&7l~.jb,177-960-7831
23Hacz,Whitney Short,8qxrpw*c,981-480-8225
EKXzva,Hannah Wilcox,<F*Y<tW1,424-895-9232
cTecAN,Richard Kaiser,"u]""5(%aP",672-869-8021
nA3JJp,Laura Butler,"$+vJQEG,",203-579-9614
syfDz7,Matthew Evans,]EY]lT&k,211-558-3900
gfr5Lr,Andrea Alexander,3K6B.}4',154-151-6389
6PIml9,Kenneth Shaw,lG1:Eo%h,180-124-8919
thStk7,Michael Sanchez,Pi>[B`M\,521-904-5627
eKQvb7,Edward Dominguez,"9""u\Vtwb",690-107-5205
Tstcro,Richard Curtis,KnCz*Zd?,368-223-0031
UAVaSP,Lindsey Perry,]$_JNY|f,048-059-4410
shIxfv,Steven Ibarra,n0@Ch1ji,600-022-7814
FBY3am,Justin Gonzalez,8SBDXQ(1,868-669-3976
X9Niio,Bernard Monroe,`$_%lG_0,452-172-1961
qvEtmd,Jorge Rich,E88l?C%{,300-093-5899
7eheSk,Joshua Cowan,DOge0t4T,619-923-5145
oTOCAD,Christopher Ford,E*~rXa$!,547-560-7830
zrpfpa,Tammy Flores,4|zx~O3g,182-018-5862
iZSHFr,Cory Green,T-7i27v6,349-702-5394
avcqth,Morgan Hogan,~b9J<gBG,695-058-2548
L84pzB,Mary Gordon,)t!}vW*\,575-987-9983
NlsxOG,David Holder,ilrHsJP/,765-120-5943
XU9Ks0,James Dixon,U9LTv~bH,449-832-3242
9LGnLN,Linda Arnold,N$'6aw]#,504-876-9092
K0Y0Dg,Ian Higgins,\s>I!R>7,364-560-3374
I8kr1C,Karina Rodriguez,DTAxwots,331-031-7665
JK2nRE,James Miller,LL/<V:~K,474-587-2646
rvKLtv,Carol Molina,Su#0g-t>,159-207-9322
,,,
